<?xml version="1.0" encoding="UTF-8"?>
<project-private xmlns="http://www.netbeans.org/ns/project-private/1">
    <editor-bookmarks xmlns="http://www.netbeans.org/ns/editor-bookmarks/2" lastBookmarkId="0"/>
    <open-files xmlns="http://www.netbeans.org/ns/projectui-open-files/2">
        <group>
            <file>file:/C:/Users/saura/OneDrive/Documents/GitHub/huc_controls/GUI_Java/Hyperloop_UC_GroundStation_Project/src/Ground_Station_Package/HUC_GroundStation_GUI.java</file>
            <file>file:/C:/Users/saura/OneDrive/Documents/GitHub/huc_controls/GUI_Java/Hyperloop_UC_GroundStation_Project/src/Ground_Station_Package/CSSButton.java</file>
            <file>file:/C:/Users/saura/OneDrive/Documents/GitHub/huc_controls/GUI_Java/Hyperloop_UC_GroundStation_Project/src/Ground_Station_Package/TestInput.java</file>
        </group>
    </open-files>
</project-private>
